id,first_name,last_name,email,phone_number,address
1,Chiquia,Eyden,ceyden0@boston.com,239-987-6644,Suite 58
2,Doti,Brooke,dbrooke1@gravatar.com,845-659-4196,PO Box 50595
3,Ynes,Upshall,yupshall2@illinois.edu,389-781-3553,13th Floor
4,Vidovik,Valerius,vvalerius3@google.com,372-815-7424,1st Floor
5,Harlin,Bruyett,hbruyett4@ow.ly,842-614-4627,PO Box 63586
6,Kimmie,Bertl,kbertl5@virginia.edu,185-643-6642,Room 695
7,Clemens,Poxon,cpoxon6@csmonitor.com,509-900-2804,Suite 95
8,Jacquenetta,Bazley,jbazley7@yellowpages.com,426-256-8977,Apt 319
9,Zack,Joinson,zjoinson8@biblegateway.com,618-154-8139,Room 825
10,Eda,Clunan,eclunan9@hc360.com,947-841-0377,Room 1078
11,Alberto,Georgius,ageorgiusa@desdev.cn,244-812-9526,Suite 39
12,Brian,Barthropp,bbarthroppb@barnesandnoble.com,634-412-3669,PO Box 33815
13,Dulcinea,Culbert,dculbertc@geocities.com,520-461-5930,5th Floor
14,Bradly,Valenti,bvalentid@nyu.edu,377-319-0311,PO Box 91416
15,Dilly,D'eathe,ddeathee@pbs.org,187-292-2972,PO Box 53495
16,Robyn,Lorait,rloraitf@com.com,293-679-9285,Apt 962
17,Bryant,Papa,bpapag@gravatar.com,875-307-0321,PO Box 73907
18,Andreana,Sellwood,asellwoodh@japanpost.jp,398-566-1458,Apt 133
19,Earvin,Hedworth,ehedworthi@answers.com,252-138-1485,PO Box 87779
20,Kathy,De Mars,kdemarsj@webnode.com,430-186-4876,10th Floor
21,Kaile,Langtree,klangtreek@craigslist.org,531-949-0465,Apt 1463
22,Fabe,Corton,fcortonl@accuweather.com,593-390-2197,5th Floor
23,Mitchel,Dowtry,mdowtrym@ovh.net,101-482-2286,PO Box 85818
24,Moshe,Arni,marnin@trellian.com,320-909-6498,6th Floor
25,Sherlock,Jacketts,sjackettso@amazon.co.uk,689-902-8315,PO Box 29437
26,Sanson,Paolone,spaolonep@comsenz.com,924-492-0492,Apt 543
27,Clemence,Roughey,crougheyq@technorati.com,260-229-8805,PO Box 59596
28,Chiquita,Dulin,cdulinr@java.com,219-591-0690,15th Floor
29,Scotti,Hillborne,shillbornes@cyberchimps.com,933-489-4423,Room 1214
30,Nataniel,Helbeck,nhelbeckt@jigsy.com,227-922-0796,12th Floor
31,Anthia,Striker,astrikeru@unesco.org,208-448-1117,Apt 226
32,Bronnie,Oleszcuk,boleszcukv@tmall.com,291-680-0037,17th Floor
33,Vinny,Dickerline,vdickerlinew@cnn.com,198-435-3869,Apt 463
34,Christalle,Walshe,cwalshex@cornell.edu,299-323-8958,Apt 967
35,Nahum,Tomaszek,ntomaszeky@cornell.edu,822-747-5484,PO Box 97952
36,Kath,Lewsey,klewseyz@auda.org.au,481-411-9865,Apt 1996
37,Gwendolen,Keogh,gkeogh10@google.cn,732-313-4333,Suite 4
38,Lucinda,Blaszczynski,lblaszczynski11@theatlantic.com,993-266-1383,7th Floor
39,Nolana,McGeouch,nmcgeouch12@twitpic.com,317-623-7829,Apt 1741
40,Constancia,Sarfat,csarfat13@360.cn,727-442-2100,Room 942
41,Lianna,Smurthwaite,lsmurthwaite14@macromedia.com,900-579-1591,Suite 28
42,Aliza,Chiene,achiene15@newsvine.com,851-153-5803,PO Box 79112
43,Eleanora,Grizard,egrizard16@seattletimes.com,440-890-3290,16th Floor
44,Allis,MacIlriach,amacilriach17@issuu.com,680-609-9801,14th Floor
45,Sherlocke,Drogan,sdrogan18@naver.com,609-332-1245,12th Floor
46,Coleen,Backshill,cbackshill19@taobao.com,316-694-8871,PO Box 40208
47,Ardra,Seilmann,aseilmann1a@cnn.com,772-217-7104,Room 1325
48,Ignazio,Faircliffe,ifaircliffe1b@qq.com,984-951-6225,PO Box 87076
49,Langsdon,Gallop,lgallop1c@godaddy.com,610-688-2854,Apt 51
50,Bonnibelle,Laurenceau,blaurenceau1d@posterous.com,155-569-7633,4th Floor
51,Marion,Robertelli,mrobertelli1e@fastcompany.com,533-470-2156,Apt 869
52,Charlotta,Todarini,ctodarini1f@disqus.com,375-261-3098,PO Box 9659
53,Sybyl,Brumwell,sbrumwell1g@state.gov,792-556-2706,11th Floor
54,Grannie,Claibourn,gclaibourn1h@google.ru,314-554-3598,PO Box 48082
55,Obadiah,Carmody,ocarmody1i@google.ru,100-819-5118,Suite 56
56,Zachariah,Mougeot,zmougeot1j@plala.or.jp,132-974-0632,Room 1377
57,Wynny,Kettell,wkettell1k@com.com,953-805-1690,Apt 635
58,Trudey,Lackey,tlackey1l@moonfruit.com,918-129-8416,14th Floor
59,Katleen,Paxforde,kpaxforde1m@google.es,173-101-5665,6th Floor
60,Mair,Teresi,mteresi1n@archive.org,325-431-1896,Room 1010
61,Alvin,Phil,aphil1o@economist.com,415-328-0846,Room 1288
62,Harlan,Guinn,hguinn1p@ihg.com,543-257-2888,Suite 91
63,Gerladina,Battram,gbattram1q@msn.com,855-633-3844,Suite 66
64,Roseann,Hamsher,rhamsher1r@hc360.com,396-321-5228,Apt 1626
65,Tybi,Sketchley,tsketchley1s@clickbank.net,410-190-0471,Suite 9
66,Georgianne,Betonia,gbetonia1t@prweb.com,769-732-7198,Apt 1920
67,Barbey,Brundle,bbrundle1u@github.io,456-329-1112,Suite 60
68,Sergio,Sambeck,ssambeck1v@wikimedia.org,826-731-0472,7th Floor
69,Dulciana,Devenny,ddevenny1w@techcrunch.com,251-947-1975,Apt 1173
70,Jerrie,Haly,jhaly1x@kickstarter.com,330-565-1708,PO Box 62223
71,Loise,Steel,lsteel1y@storify.com,259-788-4770,PO Box 404
72,Sabrina,Classen,sclassen1z@amazon.com,901-443-5102,18th Floor
73,Willie,Josipovitz,wjosipovitz20@mit.edu,450-325-5362,PO Box 32727
74,Martyn,Haldane,mhaldane21@liveinternet.ru,789-179-0366,6th Floor
75,Read,Findlater,rfindlater22@usgs.gov,361-391-5085,Room 1325
76,Derek,Kolinsky,dkolinsky23@google.fr,400-863-7517,Suite 69
77,Jaquenette,Erik,jerik24@trellian.com,801-538-4999,Apt 406
78,Janine,Timmens,jtimmens25@elpais.com,284-135-0710,Room 380
79,Merilyn,Box,mbox26@oracle.com,207-593-7068,Room 523
80,Selby,Berndtssen,sberndtssen27@indiatimes.com,404-227-0637,Room 145
81,Erhard,McMonnies,emcmonnies28@flickr.com,934-496-9428,16th Floor
82,Noach,Hoodless,nhoodless29@ovh.net,831-509-3645,Room 1944
83,Portie,Brecon,pbrecon2a@loc.gov,105-741-6105,PO Box 2050
84,Fayre,Jamson,fjamson2b@mapy.cz,607-315-5055,PO Box 27695
85,Lezley,McMorran,lmcmorran2c@mediafire.com,458-294-0562,Room 750
86,Pierce,Sporton,psporton2d@washington.edu,615-678-7918,Room 752
87,Homerus,Brunsdon,hbrunsdon2e@smugmug.com,658-548-9962,PO Box 15717
88,Braden,Kunrad,bkunrad2f@yolasite.com,882-507-3570,Suite 53
89,Burch,Sessions,bsessions2g@slate.com,112-718-5064,PO Box 38726
90,Cosette,Berkowitz,cberkowitz2h@hatena.ne.jp,296-435-0077,2nd Floor
91,Collin,Mayward,cmayward2i@topsy.com,767-643-8127,12th Floor
92,Harrietta,Girodon,hgirodon2j@go.com,975-907-7289,5th Floor
93,Gussi,Cosbey,gcosbey2k@si.edu,611-852-4018,Apt 1398
94,Rochell,Bruyns,rbruyns2l@kickstarter.com,308-359-4219,2nd Floor
95,Sherwin,Chisman,schisman2m@1688.com,788-816-6970,2nd Floor
96,Karoline,Ling,kling2n@sphinn.com,276-375-1221,Apt 1358
97,Maxy,Mellings,mmellings2o@ucsd.edu,666-489-1393,Room 1936
98,Valentina,Trudgion,vtrudgion2p@google.pl,845-201-4199,PO Box 92288
99,Charlton,Treweela,ctreweela2q@hibu.com,617-362-0296,PO Box 69801
100,Emmalynn,Slessar,eslessar2r@creativecommons.org,154-348-7645,16th Floor
